{
	"description": "Bulgarians are a cavalry and infantry-focused civilization that excels in early aggression and strong defenses.",
	"specialty": "infantry",
	"dark_age": [
		"Start with 4 villagers and a scout.",
		"Build 2 houses, a barracks, a blacksmith, and a lumber camp near forests.",
		"Research Militia and Loom.",
		"Train additional villagers from the town center.",
		"Train 5-6 militia from the barracks.",
		"Use the scout to explore the map and find resources.",
		"Advance to Feudal Age at around 20-21 minutes with 500 food and 200 gold.",
		"Have around 800-1000 food, 150-200 wood, and 150-200 gold at the end of the Dark Age.",
		"Assign 4-5 villagers to food, 2-3 to wood, 1-2 to gold, and 3-4 to stone."
	],
	"feudal_age": [
		"Build additional barracks and continue producing infantry units.",
		"Build a stable and start producing scouts and light cavalry.",
		"Research upgrades for infantry and cavalry at the blacksmith.",
		"Advance to Castle Age at around 28-29 minutes with 800 food and 400 gold.",
		"Have around 1500-2000 food, 600-800 wood, 500-600 gold, and 400-500 stone at the end of the Feudal Age.",
		"Assign 8-10 villagers to food, 5-6 to wood, 3-4 to gold, and 6-7 to stone."
	],
	"castle_age": [
		"Build a second town center and start training villagers.",
		"Train knights and upgrade them at the blacksmith.",
		"Research Stirrups at the stable for improved cavalry performance.",
		"Advance to Imperial Age at around 35-36 minutes with 1000 food, 1000 gold, and 800 stone.",
		"Have around 3500-4000 food, 2000-2500 wood, 1200-1500 gold, and 1200-1500 stone at the end of the Castle Age.",
		"Assign 20-25 villagers to food, 10-12 to wood, 8-10 to gold, and 12-15 to stone."
	],
	"imperial_age": [
		"Train konniks, a unique unit that can dismount into a powerful infantry unit.",
		"Use konniks and knights for raiding and attacking enemy bases.",
		"Research upgrades for infantry and cavalry at the blacksmith.",
		"Assign 40-50 villagers to food, 20-25 to wood, 16-20 to gold, and 25-30 to stone."
	],
	"thresh_holds": {
		"villagers": {
			"dark_age": 20,
			"feudal_age": 30,
			"castle_age": 40
		},
		"food": {
			"dark_age": 800,
			"feudal_age": 1750,
			"castle_age": 3500
		},
		"wood": {
			"dark_age": 200,
			"feudal_age": 700,
			"castle_age": 2000
		},
		"gold": {
			"dark_age": 250,
			"feudal_age": 1000,
			"castle_age": 1300
		},
		"stone": {
			"dark_age": 0,
			"feudal_age": 800,
			"castle_age": 1300
		}
	}
}