{
	"description": "Hindustanis are a versatile civilization that can excel in various strategies and have a strong late game economy.",
	"specialty": "camels and gunpowder units",
	"dark_age": [
		"Start with 3 villagers and a scout.",
		"Build 2 houses and a lumber camp near forests.",
		"Train additional villagers from the town center.",
		"Research loom.",
		"Assign 4-5 villagers to food, 2-3 to wood, 1-2 to gold, and 3-4 to stone.",
		"Train 3-4 militia from the barracks and use them to scout the enemy base.",
		"Advance to Feudal Age at around 12-13 minutes with 500 food and 200 gold.",
		"Have around 800-1000 food, 200-300 wood, and 100-150 gold at the end of the Dark Age."
	],
	"feudal_age": [
		"Build a blacksmith and market to upgrade units and sell excess resources for gold.",
		"Train archers and skirmishers to defend against enemy attacks.",
		"Advance to Castle Age at around 20-21 minutes with 800 food and 400 gold.",
		"Have around 1500-2000 food, 500-600 wood, 400-500 gold, and 200-300 stone at the end of the Feudal Age.",
		"Assign 8-10 villagers to food, 5-6 to wood, 3-4 to gold, and 6-7 to stone.",
		"Research crossbow and bodkin arrow upgrades for archers."
	],
	"castle_age": [
		"Build a second and third town center to increase the economy.",
		"Research heavy cavalry archer upgrade and start producing them from the archery range.",
		"Build a university and research Masonry and Architecture to improve the defense of buildings.",
		"Advance to Imperial Age at around 30-31 minutes with 1000 food, 1000 gold, and 800 stone.",
		"Have around 3000-3500 food, 1500-2000 wood, 1500-2000 gold, and 1000-1200 stone at the end of the Castle Age.",
		"Assign 20-25 villagers to food, 12-15 to wood, 10-12 to gold, and 15-20 to stone.",
		"Research Hand Cart and Crop Rotation upgrades to increase the efficiency of the economy."
	],
	"imperial_age": [
		"Continue producing heavy cavalry archers and add in siege units to break through enemy defenses.",
		"Have around 5000-6000 food, 3000-4000 wood, and 3000-4000 gold in the late Imperial Age.",
		"Assign 40-50 villagers to food, 20-25 to wood, 16-20 to gold, and 25-30 to stone.",
		"Research Elite Skirmisher and Halberdier upgrades to counter enemy units.",
		"Use Bombard Cannons and Trebuchets to take down enemy buildings.",
		"Research Imperial Camel upgrade to counter enemy cavalry."
	],
	"thresh_holds": {
		"villagers": {
			"dark_age": 22,
			"feudal_age": 30,
			"castle_age": 40
		},
		"food": {
			"dark_age": 900,
			"feudal_age": 1750,
			"castle_age": 3000
		},
		"wood": {
			"dark_age": 200,
			"feudal_age": 750,
			"castle_age": 2500
		},
		"gold": {
			"dark_age": 250,
			"feudal_age": 1000,
			"castle_age": 1500
		},
		"stone": {
			"dark_age": 0,
			"feudal_age": 800,
			"castle_age": 1000
		}
	}
}